{"cameraMode":{"drawMode":0,"name":"Shaded","section":"Shading Mode"},"sceneLighting":false,"audioPlay":false,"sceneViewState":{"m_AlwaysRefresh":false,"showFog":true,"showSkybox":false,"showFlares":true,"showImageEffects":true,"showParticleSystems":true,"showVisualEffectGraphs":true,"m_FxEnabled":true},"in2DMode":false,"pivot":{"x":1.4329999685287476,"y":2.134999990463257,"z":0.4439999461174011},"rotation":{"x":0.42301541566848757,"y":0.012229105457663536,"z":-0.005707027390599251,"w":0.9060297608375549},"size":1.0606602430343629,"orthographic":false}